<?xml version="1.0" encoding="UTF-8"?>
<project-private xmlns="http://www.netbeans.org/ns/project-private/1">
    <editor-bookmarks xmlns="http://www.netbeans.org/ns/editor-bookmarks/2" lastBookmarkId="0"/>
    <open-files xmlns="http://www.netbeans.org/ns/projectui-open-files/2">
        <group>
            <file>file:/C:/Users/fa20-bse-019/Documents/NetBeansProjects/abc/src/strategypattern/Strategy.java</file>
            <file>file:/C:/Users/fa20-bse-019/Documents/NetBeansProjects/abc/src/strategypattern/OperationAdd.java</file>
            <file>file:/C:/Users/fa20-bse-019/Documents/NetBeansProjects/abc/src/strategypattern/OperationSubstract.java</file>
            <file>file:/C:/Users/fa20-bse-019/Documents/NetBeansProjects/abc/src/strategypattern/Context.java</file>
            <file>file:/C:/Users/fa20-bse-019/Documents/NetBeansProjects/abc/src/strategypattern/StrategyPatternDemo.java</file>
            <file>file:/C:/Users/fa20-bse-019/Documents/NetBeansProjects/abc/src/strategypattern/OperationDivide.java</file>
            <file>file:/C:/Users/fa20-bse-019/Documents/NetBeansProjects/abc/src/strategypattern/OperationMultiply.java</file>
            <file>file:/C:/Users/fa20-bse-019/Documents/NetBeansProjects/abc/src/chainofresponsibility/computingrange.java</file>
        </group>
    </open-files>
</project-private>
